2.00,LGREV350-5-210S,LANDING GEAR SET 2IN LP SHOE 17 TR,389.4,564.63
2.00,SLGREV350-5-410S,LANDING GEAR SET 4.5IN SHOE,380.41,551.5945
2.00,S LGREVKIT,KIT CROSS BRACE HANDLE LUGS,32.33,46.8785
5.00,GD31801018,HINGE 3-HOLE ALUM W/INSERT P-SERIE,9.99,14.4855
4.00,RDB41700303,DOCK BUMPER RUBBER 2-HOLE GREAT,15.99,23.1855
10.00,GRT46742,MARKER LAMP RED 19 SERIES,1.81,2.6245
1.00,GRT46922-3,MC LAMP RED SUPERNOVA LED,6.66,9.657
3.00,GRT47072,CLR MKR LAMP RED SUPERNOVA LED,7.86,11.397
2.00,GRT47073,MC LAMPYLW SPRNOVA LED TRTLBK,8.68,12.586
1.00,GRT47093,MC LAMP YELLOW SUPERNOVA LED,7.52,10.904
1.00,GRT47122,MC LAMP 2.5IN RED SUPERNOVA LED,6.44,9.338
1.00,GRT47162,LAMP LED TURTLEBACK RED,17.39,25.2155
10.00,GRT47173,LED LAMP MC YELLOW SUPERNOVA 3IN,7.15,10.3675
1.00,GRT53063,CLR/MRKR LAMP YLW WHITE BASE,10.74,15.573
2.00,GRT53252,STT LAMP 4IN RED SUPERNOVA LED10,17.65,25.5925
1.00,GRT53963,TURN LAMP YEL SUPERNOVA LED OVAL,30.28,43.906
2.00,GRT60331,LICENSE LAMP CLEAR SEALED TURTLE,9.11,13.2095
1.00,GRT60381,LICENSE LAMP WHITE SUPERNOVA LED,26.02,37.729
2.00,GRT66815,PIGTAIL 6IN LONG3-WIRE PLUG-IN PIGT,5.1,7.395
1.00,GRT66900,PIGTAIL 6 IN SENTRY,3.65,5.2925
3.00,GRT66910,PIGTAIL 6 LONG TURTLEBAC,2.69,3.9005
3.00,GRT66930,PIGTAIL 5IN LONG THIN-LINE LED,1.42,2.059
1.00,GRT67002,PIGTAIL 11IN LONG 3-WIRE PLUG IN,2.21,3.2045
1.00,GRT78423,LED LAMP MC 2-1/2IN ABS YELLOW,8.94,12.963
2.00,EKUS1140,SLACK ADJUSTER 28S 5.5IN AS3019 CLE,38,55.1
2.00,EKUS1141,SLACK ADJUSTER 28S 6.0IN AS3016 CLE,38.52,55.854
4.00,RANRB-AS3000,CLEVIS GUNITE STYLE,4.17,6.0465
35.00,GUNAS4004,CLEVIS PIN KIT,7.87,11.4115
1.00,HAL11543,AIR HOSE CLAMP 3-WAY W/EYE,5.32,7.714
10.00,HAL11544,HOSE CLAMP 3/8 ID,7.8,11.31
2.00,EKUS10216,SLACK ADJUSTER ABA KIT 1.5-10 5.5,35.61,51.6345
15.00,HAL427-10558,STUD KIT,9.96,14.442
6.00,HAL452-10125,RECTANGULAR CONTROL ARM BUSHIN,1.38,2.001
1.00,HAL905-55-100,VALVE HEIGHT CONTROL,124.58,180.641
4.00,HALAL10271914,ABS SENSOR,46.81,67.8745
1.00,HALAL430614,ABS VALVE,382.22,554.219
1.00,HALAL430624,ABS VALVE,382.25,554.2625
1.00,HALAL919338,ECU-PLCS1M12VA7DIN,274.13,397.4885
1.00,HALAL919348,ITCM ECU REPLACES AL919342,392.2,568.69
4.00,HALAL919803,ABS CABLE EXTENSION SENSOR 2.0M,23.02,33.379
1.00,HALAL919902,CABLE POWER CORD EXTENSION 6.0M,59.87,86.8115
1.00,HALAL919903,CABLE POWER CORD EXTENSION 1.0M,35.36,51.272
20.00,HALRTP2,DUST COVER RELEASE STUD PLUG AIR,1.44,2.088
1.00,HALSRK-205,SERVICE KIT,39.53,57.3185
1.00,HENAK-147,MANUAL DUMP VALVE WENDER AKEM0,67.31,97.5995
1.00,HENB-28930,LOCKING PIN SPRING,4.2,6.09
1.00,HENB-32500,LOCKING PIN SPRING,1.36,1.972
10.00,HENS-14187,LINK ASSY BOLTED,7.91,11.4695
1.00,HENS-14231-8,MANUAL STOP BAR 48 INCH,56.48,81.896
2.00,HENS-20002,SHOCK ABSORBER HT230 5.91IN STROK,31.74,46.023
1.00,HENS-20010,AIR SPRING AIR BAG APP HT230,113.91,165.1695
2.00,HENS-20031/2,SHOCK BOLT KIT,5.79,8.3955
5.00,HENS-20924,INNER WASHER FLANGED,15.08,21.866
5.00,HENS-20925,ECCENTRIC WASHER FLANGED,15.08,21.866
4.00,HENS-21099,BUSHING TUBE SPACER STD BUSHING,9.52,13.804
1.00,HENS-21800,AIR SPRING AIR BAG,97.18,140.911
4.00,HENS-21966,AIR SPRING AIR BAG,126.05,182.7725
2.00,HENS-21292,SHOCK ABSORBER HK190,30.5,44.225
2.00,HENS-22045,AIR SPRING AIR BAG,130.72,189.544
2.00,HENS-22948,AIR SPRING AIR BAG,131.65,190.8925
2.00,HENS-23650,SHOCK ABSORBER,33.15,48.0675
2.00,HENS-23651,SHOCK ABSORBER,35.01,50.7645
4.00,HENS-24049/2,SHOCK BOLT KIT,22.41,32.4945
20.00,HENS-24088,SHOCK ABSORBER HKA180 5.50IN STRO,30.34,43.993
1.00,HENS-24460,BODY RAIL CLIP,6.54,9.483
2.00,HENS-24679,PIVOT BOLT KIT QUICK ALIGN WIDE,20.78,30.131
2.00,HENS-24691,PIVOT BUSHING KIT QUICK ALIGN WIDE,99.43,144.1735
2.00,HENS-24705,BOLT KIT HKA 180,18.12,26.274
1.00,HENS-28290,SLIDER PIN 1.375,60.69,88.0005
2.00,HENS-28500-1650,DUST SHIELD KIT 16.5 BRAKE 5IN AXLE,26.37,38.2365
4.00,HENS-28500-1657,DUST SHIELD KIT 16.5 BRAKE LDA AXLE,26.37,38.2365
25.00,HENS-28890,CAM TUBE SERVICE KIT 16.5 BRAKE,29.88,43.326
4.00,HENS-28929,AIR SPRING AIR BAG,116.72,169.244
1.00,HENS-32388,LOCKING PIN,14,20.3
1.00,HENVS-27116,HCV FOR DST SYSTEM,126.98,184.121
2.00,HENVS-227,VALVE HEIGHT CONTROL ALL APPS NO,43.77,63.4665
1.00,HENVS-30270,ABS JUNCTION WIRE HARNESS CP,37.86,54.897
2.00,HENVS-32055-3,HUBCAP TIREMAAX HN GREASE DUAL T,88.7,128.615
1.00,HENVS-32087-2,TIREMAAX AXLE HOSE TRLAXLE 71.5-83,18.44,26.738
40.00,EKU8732B,BRAKE DRUM 16.50X7.4 10-BH BALANCE,99.99,144.9855
1.00,HOL508-60-016,VALVE HEIGHT CONTROL KIT MAX-VALV,85.63,124.1635
1.00,HOL518-30-001,CAMSHAFT BUSHING KIT BEFORE FEB 2,71.59,103.8055
1.00,HOL518-30-024,CAMSHAFT BUSHING KIT AFTER JAN 20,74.03,107.3435
2.00,HOL518-30-036,BRAKE ROTOR REP KIT P89 INTEGRAL A,327.71,475.1795
1.00,HOLLG0048-01,KIT FOOTWARE 10X10 RCF,84.12,121.974
1.00,HOL203430000021,SANDSHOE KIT RCF - REPLACEMENT 10,91.34,132.443
2.00,0EVO05BT0095,BUMPER TUBE 4X4 POOCHED 94IN IMP,74.99,108.7355
1.00,HOLLGS-3A105,LANDING GEAR SET MARK V 17TRVL 4.5,858.1,1244.245
1.00,HOLXA-V-06602,IDLER GEAR,58.32,84.564
2.00,HOLXA-V-90-0,CRANK S/A,22.63,32.8135
2.00,HOLXA-V-90-2,CRANK S/A MARK V 11.62IN,24.96,36.192
1.00,HOLXB-0011-2,CUSHION RUBBER,24.28,35.206
1.00,HOLXB-LG0085,CRANK HANGER STRAIGHT HOOK,2.71,3.9295
1.00,HT-1205,RESERVOIR AIR TANK 12X29.5 2850CI 2,92.78,134.531
1.00,HT-1231,RESERVOIR AIR TANK 12X29.5 2850CI 3,91.97,133.3565
1.00,HT-8000,RESERVOIR AIR TANK 8X32.0 1425CI 1 M,66.9,97.005
1.00,EKU2023-5,HUB TN W/ABS RING LONG STUD HUB P,129.92,188.384
1.00,HUT28696-01,LOCKNUT FLANGE COATED 1IN 8 UNC-2,2.18,3.161
1.00,HUT28699-01,HEX BOLT 1-8 UNS X 5 REPLACED HUT7,5.55,8.0475
1.00,JOSB10363-85,CROSS SHAFT TURNING SHAFT,43.91,63.6695
2.00,LAB80-SMP/S97,PLACARD FRAME SLIDEMASTER SPLIT,9.71,14.0795
7.00,LAB81-CLIP,PLACARD CLIP ONLY SPACEMASTER SS,1.03,1.4935
20.00,MER19X127,CLEVIS PIN,0.67,0.9715
1.00,MER31363-00,PSI SHORT FLEX HOSE,30.69,44.5005
1.00,MER31373-00,PSI LONG FLEX HOSES,30.66,44.457
1.00,HOL900-45-298,SHOCK ABSORBER,47.7,69.165
2.00,EKUS801073,SLACK ADJUSTER AUTO 1-5-28 SPL 5.5,39.72,57.594
10.00,SIRS2009,CLEVIS ASSY W/PINS AND COTTER KEY,3.39,4.9155
8.00,WAB441-030-907-2,ABS SENSOR KIT,53.74,77.923
1.00,WAB441-030-910-2,SENSOR ABS KIT,68.71,99.6295
2.00,WAB441-030-918-2,ABS SENSOR W/SOCKET KIT,59.16,85.782
1.00,WAB449-326-010-0,POWER CABLE 3 FT ENHANCED EASY-S,37.97,55.0565
1.00,WAB449-713-008-0,SENSOR EXTENSION W/PLUG,9.84,14.268
2.00,WAB449-713-018-0,SENSOR CABLE 6 FT EASY-STOP AND E,14.07,20.4015
1.00,WAB449-713-030-0,SENSOR CABLE,15.53,22.5185
1.00,WAB472-195-033-0,ABS VALVE RELAY,257,372.65
20.00,MFPL.38X24X30TE,MUDFLAP HD POLY BLACK LOGO TEN,9.45,13.7025
5.00,N MNCV3K00002,HINGE 3-HOLE ALUM 2.5IN WIDE,12.01,17.4145
10.00,HAL11602,SUPPORT SPRING 13.0IN 1IN COIL OD,3.02,4.379
1.00,OPTMCL22RK4B,LED LAMP UNI-LITE ID HARNESS 3 .75 R,33.53,48.6185
1.00,OPTMCL21RKPV4,LED UNI 2LED AMPPLG SUPP TURN SLD,11.33,16.4285
2.00,G OPTMCL11AKPVG,LED LAMP UNI-LITE FRNT CNR MC/ABS,4.98,7.221
2.00,TL33075R,LED LAMP GROMMET KIT PC 1D RED,11.79,17.0955
2.00,TL33075Y,LED LAMP GROMMET KIT PC 1D YELLO,12.46,18.067
4.00,OPTSTL75AMFB,LED LAMP MID-SHIP TURN 6IN OVAL AM,27.32,39.614
2.00,TL44322R,LAMP LED W/GRAY FLANGE SUPER 44 S,13.86,20.097
1.00,OPTSTL101RFMB,LED LAMP GLOLIGHT STT 4IN RND RED,13.35,19.3575
1.00,OPTMCL22RK3B,LED LAMP UNI-LITE ID HARNESS 3 .75 R,29.03,42.0935
1.00,OPTMCL11RKPV4,LED LAMP UNI-LITE SEALED GROM AMP,5.51,7.9895
1.00,GOPTMCL11AKL11P,LED LAMP UNI-LITE SEALED GROM AMP,5.5,7.975
20.00,V4G PHL12-006,GLADHAND SERVICE STD MNT BLUE,3.15,4.5675
20.00,PHL12-008,GLADHAND EMERGENCY STD MNT RED,3.2,4.64
10.00,PHL12-136,GLADHAND SERVICE 3 DEG ANGLE,7.17,10.3965
10.00,PHL12-138,GLADHAND EMERGENCY 3 DEG ANGLE,7.17,10.3965
1.00,PHL12-206,GLADHAND QUIK-E STD MT,16.16,23.432
1.00,PHL12-236,GLADHAND QWIK-E ANGLE MNT,19.66,28.507
2.00,PHL12-4506,GLADHAND SWINGER 45 DEG W/12-006,25.19,36.5255
1.00,PHL15-320,SOCKET SINGLE POLE 2 HOLE,12.07,17.5015
1.00,PHL15-326,SOCKET DUAL POLE METALLIC,17.1,24.795
2.00,PHL15-720,7-WAY SOCKET 2 HOLE WIRE INSERT S,7.81,11.3245
2.00,PHL15-730,7-WAY PLUG W/CABLE GUARD DIE-CAS,6.61,9.5845
2.00,PHL15-740,7-WAY BOOT SOCKET,1.27,1.8415
1.00,PHL15-770,NOSE BOX SOCKETBREAKER ADAPTER,5.22,7.569
1.00,PHL15-961,JUNCTION BOX - 7 POLE FOR RING TER,12.85,18.6325
4.00,PHL16-775,7-WAY HOUSING SINGLE CAVITY,12.04,17.458
1.00,PHL16-777,NOSE BOX DUAL CAVITY DEEP GROMM,25.62,37.149
1.00,PHL16-801,DOCUMENT HOLDER RND TWIST-ON - L,3.86,5.597
2.00,PHL16-802,DOCUMENT HOLDER RND TWIST-ON ST,5.75,8.3375
3.00,PHL16-8511,7-WAY Q-BOX V-LOGO SPLIT PIN 15 AMP,69.88,101.326
1.00,PHL16-722,SOCKET 7-PIN RING TERMINAL SPLIT PI,13.62,19.749
8.00,PHL16-724,SOCKET 7-PIN BULLET TERMINAL SPLIT,11.96,17.342
1.00,PHL16-763,SOCKETBREAKER STA-DRY SPLIT 7 PIN,31.68,45.936
1.00,PHL16-7632-28,SOCKETBREAKER STA-DRY SOLID 28 PI,55.18,80.011
8.00,PHL17-103,3IN LONG TENDER SPRING,5.04,7.308
10.00,PHL17-111,TENDER SPRING 11 INCHES,3.86,5.597
15.00,RANRB-008,T-BOLT ASSY SET 1-WASHER T-BLT T-N,2.32,3.364
15.00,RANRB-30CL,STD FORGED CLEVIS ASSY 1/2IN PIN 5/8,1.39,2.0155
1.00,ASALSD2024,BRAKE CHAMBER 20/24 DUAL DIAPHRA,74.69,108.3005
1.00,RANBSC-09CL,BRAKE CHAMBER 9IN,25.21,36.5545
1.00,RANBSC-30,BRAKE CHAMBER TYPE 30 NO CLEVIS,21.62,31.349
15.00,RANBTS-3030-106,SPRING BRAKE TYPE 3030 STD STROKE,48.4,70.18
15.00,BRKV3030PPB,SPRING BRAKE 3030 SEALED W/CLEVIS,35.45,51.4025
1.00,RANBTS3030-15,SPRING BRAKE 3030 VANTRAXX 15IN R,49.14,71.253
15.00,PN050X49X110PV,PANEL WHITE PVC COATED,87.87,127.4115
6.00,CPW PNT16-842,PAINT 16/13 CAN O.E. SHINY GALVANIZE,6.25,9.0625
6.00,PNT16-845,PAINT 16/15 CAN SPRAY GALV PRIMER,5.79,8.3955
12.00,PNT620-1413,PAINT 20/16 CAN MRO GLOSS WHITE,5.53,8.0185
12.00,PNT620-1415,PAINT 20/16 CAN MRO GLOSS BLACK,5.28,7.656
24.00,PNT620-1431,PAINT 20/16 CAN MRO LIGHT GRAY PRIM,5.42,7.859
6.00,PNT620-1433,PAINT 20/16 CAN MRO FLAT BLACK,7.17,10.3965
1.00,POWP40061,GUIDE BUSHING FOR 4005 HALF,0.76,1.102
1.00,POWP40435,CAM END DLRH BOTTOM HDG,16.79,24.3455
1.00,POWP40445,CAM GALV,16.78,24.331
1.00,POWP41415,CAM LEVER UPR END TO LEFT,16.73,24.2585
1.00,POWP41425,CAM LEVER UPR END TO RIGHT,16.73,24.2585
1.00,POWP40115,PLATE SEAL FOR 4090 LEVER,3.01,4.3645
1.00,POWP40125,PIN SEAL FOR 4090,1.9,2.755
1.00,POWP42075,PLATE GUIDE MINER 4207,10.41,15.0945
2.00,RDB00003,DOCK BUMPER MID STOP/TURN CAVITY,16.01,23.2145
4.00,RDB2006,DOCK BUMPER RUBBER,5.55,8.0475
2.00,RDB2027,DOCK BUMPER RUBBER 2-HOLE,8.68,12.586
2.00,RDB2043,DOCK BUMPER RUBBER 2-HOLE,5.93,8.5985
2.00,RDB2345,DOCK BUMPER RUBBER 2-HOLE,4.57,6.6265
3.00,RDGRRK000100,REPAIR KIT DRY REEFER WALL LINER,67.87,98.4115
2.00,REY09729-01,09729-01 7/8IN BUSHING,4.46,6.467
2.00,REY10033-01,HEX BOLT 7/8 X 5.50,4.94,7.163
2.00,REY10092-01,LOCK NUT,6.71,9.7295
1.00,REY16034-01,TORQUE ARM ADJ TA ASSY 25-1/4,104.89,152.0905
500.00,FASAD64HF,RIVET POP ALU/STL CLOSED 3/16 .126-.2,0.05,0.0725
500.00,FASAD66HF,RIVET POP ALU/STL CLOSED 3/16 BUY I,0.06,0.087
10.00,AERRAC0023,FARING UNV V-BRACE KIT 53FT TRLR SI,13.23,19.1835
100.00,FASAV16910631,RIVET MULTI- LO-PRO 3/16 .500-.781 BUY,0.12,0.174
300.00,FASAV16920621,RIVET MULTI- L FLNG 3/16 .250-.500 BUY,0.09,0.1305
100.00,FASAV16920631,RIVET MULTI- L FLNG 3/16 .500-.781 BUY,0.1,0.145
2.00,BEN065476,VALVE RELAY R-12P,136.78,198.331
1.00,BENK033221,VALVE SPRING BREAK SR5 SERVICE NE,143.56,208.162
1.00,BENK109808,ABS TRAILER MODULE TABS6 801855,499.57,724.3765
8.00,ASALCK1038,CALIPER SHEAR NUT/CAP KIT SB7 SN7,25.43,36.8735
2.00,BRK00023,SLACK AUTO ASA-5 BENDIX K031529,46.14,66.903
125.00,BLT00001,BOLT .37-16 X 1.25 TRX BTN HD GR5,0.23,0.3335
50.00,BLT00034,BOLT .31-18 X 1.5 TORX W/CONE WASHE,0.34,0.493
50.00,BLT00085,BOLT .31-18 X 0.94 SSTL 18-8 TRX H,0.72,1.044
50.00,BLTCBEL0412,BOLT ELEVATOR 1/4X20X1-1/2 ZN,0.16,0.232
50.00,BLTCBEL0612,BOLT ELEVATOR 3/8X16X1-1/2 ZN,0.47,0.6815
200.00,BLTCBEL0620,BOLT ELEVATOR 3/8X16X2 ZN,0.38,0.551
200.00,FASKIT06,CROSSMEMBER BOLT KIT 8 BOLTS NUT,2.6,3.77
5.00,SIR5200,AXLE NUT,2.37,3.4365
5.00,SIR5210,AXLE NUT,3.18,4.611
5.00,SIR5300S,LOCK WASHER W/SET SCREW,3.08,4.466
10.00,SIR5660,WASHER TAB LOCK AXLE,0.7,1.015
10.00,SIRB717,SEAL CAM 1.50 A22885,1.73,2.5085
20.00,SIRB793,LOCK SNAP RING,0.2,0.29
2.00,SIRB8150L,BUSH/ASSY LH,10.92,15.834
2.00,SIRB8150R,BUSH/ASSY RH,10.92,15.834
10.00,SIRB8625,CAMSHAFT SEAL FOR EATON 501 BRAK,0.54,0.783
4.00,SIRB8634,C-CLIP CAM 1.50 E910,0.26,0.377
4.00,SIRB8696HD,BRACKET BUSHING CAM HD MTR,4.5,6.525
2.00,SIRB8717,CAMSHAFT BRACKET FOR SPICER STD,1.93,2.7985
2.00,SIRB8788,CAM KIT,13.39,19.4155
5.00,SIRB805,SPIDER BUSHING 1.63 E9789,2.65,3.8425
20.00,SIRB8604,LOCK,0.2,0.29
25.00,SIRB8605,WASHER CAM,0.28,0.406
25.00,SIRB8607,WASHER CAM,0.19,0.2755
25.00,SIRB8619,WASHER CAM 1.63 E1565,0.23,0.3335
20.00,SIRB8622,LOCK SNAP RING,0.23,0.3335
2.00,SIRB8628,SPIDER BUSHING 1.88 E2407,0.43,0.6235
2.00,SIRB8736,PLATE,8.26,11.977
100.00,SIRB988,WASHER CAM,0.22,0.319
1.00,BRKCS10909,CAMSHAFT LH 1-1/2 28 SPL 24.125,43.99,63.7855
1.00,BRKCS10910,CAMSHAFT RH 1-1/2 28 SPL 24.125,43.99,63.7855
10.00,SIRC608R,CAMSHAFT,17.46,25.317
10.00,SIRC609L,CAMSHAFT,17.46,25.317
1.00,BRKCS5506,CAMSHAFT LH 1-1/2 28 SPL 17.313 Q,25.7,37.265
1.00,BRKCS5507,CAMSHAFT RH 1-1/2 28 SPL 17.313 Q,25.7,37.265
1.00,BRKCS5510,CAMSHAFT LH 1-1/2 28 SPL 24.125 Q,31.54,45.733
1.00,BRKCS5511,CAMSHAFT RH 1-1/2 28 SPL 24.125 Q,31.54,45.733
2.00,BRKCS9733,CAMSHAFT LH 1-1/2 28 SPL 20.375,26.52,38.454
2.00,BRKCS9734,CAMSHAFT RH 1-1/2 28 SPL 20.375,26.52,38.454
2.00,DANSR1VA105,AIR BAG AIR SPRING REPLACE DANSR1,133.51,193.5895
4.00,DOR04141,SEAL DOOR 1X14 CONVENTIONAL,12.96,18.792
200.00,DORIT,TAB CORNER 3-1/16 X 3/4,0.21,0.3045
2.00,FLHDW1.13X12X2 4,FLOOR HARDWOOD 1-1/8IN X 12IN X 24F,208.39,302.1655
1.00,FLHDW1.25X12X2 4,FLOOR HARDWOOD 1-1/4IN X 12IN X 24F,209.95,304.4275
1.00,WHI4032,DOOR SEAL HEADER ASSY 96IN,16.38,23.751
16.00,WHI5377X115,DOOR SEAL SIDE DUAL DUROMETER 11,15.12,21.924
1.00,TG5464,DOOR SEAL HEADER 2-1/8,19.61,28.4345
1.00,TG5735,DOOR SEAL BOTTOM 96IN,12.74,18.473
1.00,TG5803,BRACKET CABLE ANCHOR HD,2.21,3.2045
4.00,WHI58A-1,CORNER TAB ADHESIVE,8.99,13.0355
1.00,TG6333-1,PULL STRAP 32IN W/7575 RETAINER,3.13,4.5385
2.00,WHI7470,DOOR SEAL SIDE DUAL DUROMETER 11,15.19,22.0255
1.00,TG7515,HANDLE KEEPER FOR 77 STYLE LOCK W,8.31,12.0495
1.00,WHI7543-1X96,PANEL BOTTOM 15 X 96 W/SEAL ONLY T,253.72,367.894
1.00,TG77,LOCK ASSY W-STYLE,32.35,46.9075
1.00,TG8280-2,RETAINER BOTTOM U-CHANNEL ALUM 9,20.48,29.696
2.00,XMB3X102,CROSSMEMBER STL 3 X 102 BARE NO C,30.99,44.9355
1.00,XMB4X102ALUM,CROSSMEMBER ALUM 4 X 102 NO CLIP,69.38,100.601
20.00,XMB4X102P,CROSSMEMBER STL 4X102 PRIME NO C,27.54,39.933
1.00,XMB5X102ALUM,CROSSMEMBER ALUM 5 X 102 NO CLIP,85.42,123.859
1.00,CRT8514112-E006,DOOR SEAL INNER BUBBLE CUT 8.3FT R,39.58,57.391
1.00,CRT8520214-A203,PLATE DOCK ALUM 5.51IN,7.05,10.2225
1.00,CRT8521102-A253,COVER FRONT/REAR SIDE POST 109.45I,13.01,18.8645
4.00,CRT8521102-A207,POST SIDE 1.0 X 110.36,24.62,35.699
2.00,CRT8521121-AC08,PANEL SIDE 16 CORR .04X49X107.28 PP,163.57,237.1765
1.00,CRT8514119-008,DOOR FRAME PVC 109.016IN,33.36,48.372
5.00,DOR00047,HINGE BUTT NOTCHED,4.48,6.496
1.00,EXT00012-110,FRONT CORNER RAD,65.25,94.6125
2.00,FWP00047,FRONT WALL POST 14GAX2X108.44IN G,38.57,55.9265
1.00,FWP00178,FRONT HEADER FORMED 1-PC NO HOL,100.99,146.4355
4.00,HOK00008-2,LINK CHAIN HOLDBACK LASH,3.84,5.568
2.00,HOK00008-5,HOOKS SS LASH HOLDBACK,1.13,1.6385
2.00,HOK00008-8,LATCH BAIL LASH HOLDBACK,4.9,7.105
2.00,HOK00008-9,LATCH BODY LASH HOLDBACK,14.89,21.5905
4.00,PST00029,POST SIDE 14GA GALV 3/4 A SLOT,25.55,37.0475
2.00,PST00030,POST SIDE 14GA GALV 1.25X109.5IN A-S,66.13,95.8885
2.00,PST00047,POST 14GA COMPOSITE PLATE A-SLOT,14.87,21.5615
1.00,PST00056,POST 14GA VXP INNER FRT/RR A-SERIE,17.73,25.7085
1.00,PST00183,POST 14GA X 104.22 VXP PLT OUTER,40.23,58.3335
2.00,PST00190,POST 0.063 ALUM X104.22 VXP PLT-OUT,17.14,24.853
8.00,RBW00004,ROOF BOW W/SHAPE 18GA GALV,10.6,15.37
1.00,RFA00130-L,CHANNEL RIG BRACE ASSY BO LH/RS,53.33,77.3285
1.00,RFA00130-R,CHANNEL RIG BRACE ASSY BO RH/CS,53.33,77.3285
1.00,RFA00291,BUMPER TUBE POOCHED .50 BOLT HDG,233.21,338.1545
1.00,RFA00298-L,POST REAR CORNER EXT ASSY HDG LH,51.12,74.124
1.00,RFA00298-R,POST REAR CORNER EXT ASSY HDG RH,51.12,74.124
5.00,RFP00020,HINGE ALUM 4 IN WIDE,8.99,13.0355
10.00,RFP00127,HINGE STRAP 3 NO BUSHINGS BSH0000,6.52,9.454
1.00,RFP00209-R,BRACKET BO HORIZ RIG-CNR PST .41 S,64.37,93.3365
2.00,SKL00002,SKYLIGHT WHITE 6.5IN X 11.5 IN,11.18,16.211
3.00,SWP00274,PLATE SIDE COMPOSITE 5/16 INTERM 2,124.09,179.9305
2.00,SWP00316,PANEL 5/16 0.0169 COMP STD-INTERM.,270.2,391.79
1.00,UCA00014-L01,BRACE CTR/ASSY BOLTON LG LH/RS GA,69.59,100.9055
1.00,UCA00014-R01,BRACE CTR/ASSY BOLTON LG RH/CS G,69.59,100.9055
2.00,UCA00034,MTG ANGLE ASSY LANDING GEAR 3X3 B,84,121.8
2.00,UCA00037,WING PLATE LEG MOUNT BRACKET UNI,60.18,87.261
2.00,UCA00038,K-BRACE CROSSMEMBER CENTER ASS,91.57,132.7765
2.00,UCP00041-50,LANDING GEAR BRACE SYMMETRICAL,17.16,24.882
2.00,UCP00042,MUDFLAP BRACKET 98IN GALV,37.61,54.5345
2.00,UCP00154,WING PLATE LEG MOUNT UNIV GALV RE,157.46,228.317
2.00,VNGDOR00006,KEEPER RS TOP WELD-ON,5.66,8.207
2.00,VNGDOR00009,CAM CS/RH BOTTOM WELD-ON,5.69,8.2505
4.00,VNGDOR00016,BUSHING SPLIT SM SOLD EACH = 1 HAL,1.46,2.117
1.00,VNGDOR00019,RETAINER CATCH,0.96,1.392
1.00,VNGDOR00020,RETAINER PLATE,1.96,2.842
1.00,RFA00037-CS,LOCK ROD KIT CS W/CENTER ROD GUID,63.95,92.7275
1.00,RFA00037-RS,LOCK ROD KIT RS W/CENTER ROD GUID,63.95,92.7275
2.00,DOR00082-110,DOOR BLANK COMPOSITE 13MM 110INT,177.59,257.5055
2.00,DOR3/4X49X110.5 PW,DOOR BLANK 3/4X49X110.5 PPW/MILL .0,162,234.9
54.00,ROF040X103FT,ROOF COIL ALUMINUM CUT TO LENGTH,19.32,28.014
1.00,FASBRU1212H,RIVET BUCK 3/8X3/4 UNIV HRD 1LB 75,14.53,21.0685
1.00,FASBRU1214H,RIVET BUCK 3/8X7/8 UNIV HRD 1LB 68,14.54,21.083
2.00,FASBRU68H,RIVET BUCK 3/16X1/2 UNIV HRD 1LB 521,9.6,13.92
2.00,FASBRU810H,RIVET BUCK 1/4X5/8 UNIV HRD 1LB 222,9.59,13.9055
2.00,FASBRU812H,RIVET BUCK 1/4X3/4 UNIV HRD 1LB 195,9.59,13.9055
1.00,FASBRU814H,RIVET BUCK 1/4X7/8 UNIV HRD 1LB 174,9.59,13.9055
1.00,FASBRU88H,RIVET BUCK 1/4X1/2 UNIV HRD 1LB 257,9.59,13.9055
4.00,FASBRH68,RIVET BUCK 3/16X1/2 FULBRZ HRD 1LB,9.59,13.9055
1.00,FASBRR1212H,RIVET BUCK 3/8X3/4 RND HD HRD 1LB 6,10.35,15.0075
1.00,SC.62X18X624PB,SCUFF POLY 5/8 X 18IN X 52FT BLACK,161.74,234.523
400.00,FASSTLPL1003,SCREW SCI LINER 10X3/4 BUY IN 100,0.08,0.116
400.00,FASSTLPL1010,SCREW SCI LINER 10X1 BUY IN 100,0.09,0.1305
100.00,FASSTLPL1011,SCREW SCI LINER 10X1 1/4 BUY IN 100,0.09,0.1305
1.00,SEA110376,EMERGENCY CONTROL VALVE,37.98,55.071
2.00,SEA110500,VALVE SPRING BRAKE CONTROL,46.18,66.961
1.00,SEA110700,VALVE SPRING BRAKE CONTROL,55.45,80.4025
1.00,SEA110800,VALVE SPRING BRAKE CONTROL,64.48,93.496
24.00,SIK221-241,SIKAFLEX WHITE 10.3 OZ CARTRIDGE,6.35,9.2075
24.00,SIK221-242,SIKAFLEX ALUMINUM GRAY 10.3 OZ CAR,6.35,9.2075
50.00,SIR160,STUD,2.46,3.567
60.00,SIR162,STUD,2.16,3.132
10.00,TAP00024,TAPE PVC FOAM 1/8IN X 1IN X 100FT CL,7.13,10.3385
100.00,FASFLST0412,FLOOR SCREW TORX FLAT 1/4 X 1.50 BO,0.07,0.1015
100.00,FASFLST0420,FLOOR SCREW TORX FLAT 1/4 X 2.00 BO,0.15,0.2175
100.00,FASFLST0430,FLOOR SCREW TORX FLAT 1/4 X 3.00 BO,0.1,0.145
100.00,FASFLST0520,FLOOR SCREW TORX FLAT 5/16 X 2.00 B,0.11,0.1595
100.00,FASFLST0522,FLOOR SCREW TORX FLAT 5/16 X 2.50 B,0.15,0.2175
100.00,FASFLST0530,FLOOR SCREW TORX FLAT 5/16 X 3.00 B,0.48,0.696
2.00,TG5600-3-2-BLK,ROLLER BOTTOM BRACKET ASSY BLAC,8.63,12.5135
4.00,TGHD1219A,END HINGE HD,3.66,5.307
15.00,TL10205R,LAMP MC W/REFL,2.15,3.1175
10.00,TL10205Y,LAMP MC W/REFL,2.17,3.1465
5.00,TL10212Y,LAMP MC,4.05,5.8725
2.00,TL10250Y,LAMP LED MC,6.61,9.5845
6.00,TL10700,GROMMET OPEN BACK,1.38,2.001
2.00,TL10725,BRANCH DEFLECTOR MNT MC,1.76,2.552
2.00,TL10738,MOUNT CURVED BRACKET 4.6 RAD COR,2.7,3.915
4.00,TL15011,LAMP KIT INCADESCENT LICENSE,3.45,5.0025
10.00,TL15208,LAMP CLEAR LICENSE,1.34,1.943
1.00,TL19206,LAMP CLEAR MODEL 19 LICENSE,3.1,4.495
2.00,TL19350R,MODEL 19 LAMP 12 VOLT LED PLUG RE,7.18,10.411
2.00,TL19350Y,MODEL 19 LAMP 12 VOLT LED PLUG YEL,9.05,13.1225
5.00,TL19721,BASE MOUNT W/HOT WIRE GREY,1.95,2.8275
2.00,TL19737,MOUNT GRAY CHRYSLER 5600370415,1.46,2.117
5.00,TL29202R,MALE PIN 21 SIDE MARKER RECTANGUL,5.76,8.352
5.00,TL29203Y,MALE PIN 21 SIDE MARKER RECTANGUL,6.92,10.034
3.00,TL30200R,LAMP MODEL 30 MC,1.86,2.697
3.00,TL30200Y,LAMP MODEL 30 MC,1.86,2.697
1.00,TL30701,GROMMET OPEN BACK MODEL 30 MC,1.52,2.204
3.00,TL33050R,LED MDL 33 MC LAMP GROMMET MT KIT,6.81,9.8745
3.00,TL33050Y,LED LAMP 3/4IN GROMMET MNT KIT 1D,8.79,12.7455
2.00,TL33051Y,LED MDL 33 MC FLANGE MNT KIT,14.27,20.6915
1.00,TL33075R,LED LAMP GROMMET KIT PC 1D RED,11.79,17.0955
1.00,TL33203R,LED LAMP MC DUAL-FUNC 3WIRE P2 12,16.35,23.7075
2.00,TL33700,MDL 33 GROMMET,0.89,1.2905
2.00,TL35001R,LAMP LED W/PLUG MC MODEL 35,8.49,12.3105
2.00,TL35001Y,LAMP LED W/PLUG MC MODEL 35,8.82,12.789
2.00,TL40700,GROMMET COVER W/VISOR MODEL 40,1.35,1.9575
1.00,TL40756,MODULE KIT - LH/RS-STT,57.24,82.998
1.00,TL40757,MODULE KIT - RH/CS-STT,57.24,82.998
1.00,TL4050,STT LED SIGNAL STAT 4IN ROUND LAMP,13.19,19.1255
2.00,TL44302R,LAMP LED SUPER 44 STT,13.32,19.314
2.00,TL44322R,LAMP LED W/GRAY FLANGE SUPER 44 S,13.86,20.097
4.00,TL49202R,MALE PIN MODEL 40 STOP/TURN/TAIL,6.38,9.251
2.00,TL60215Y,LAMP MODEL 60 SIDE TURN,7.83,11.3535
1.00,TL60272Y,LAMP LED W/GRAY FLANGE AUX. TURN,39.91,57.8695
3.00,TL60420Y,INTEGRAL FLANGE FIT N FORGET,46.29,67.1205
1.00,TL60720,BRACKET MNT MODEL 60 W/FLANGE ST,4.71,6.8295
1.00,TL60733,BRACKET MNT Z MODEL 60 W/NOTCH,7.33,10.6285
1.00,TL60750,LLV MODEL 60 GRAY FLANGE MOUNT,1.62,2.349
2.00,TL69202Y,LAMP MALE PIN 60 SIDE TURN MARKER,10.45,15.1525
4.00,TL94707,PIGTAIL LED 8 IN FIT N FORGET STT,3.23,4.6835
8.00,TL94902,PIGTAIL MC PL10,0.8,1.16
3.00,TL94926,PIGTAIL STT,1.72,2.494
1.00,TL97101,CABLE - CIRCUIT TESTER,48.48,70.296
5.00,TL97944,NYK-77 COMPOUND 2 OZ,3.72,5.394
12.00,TL97960,DOCUMENT HOLDER RND TWIST-ON,3.85,5.5825
12.00,TL97962,COVER W/GASKET,3.89,5.6405
1.00,TLSS37,TAPE REFLECTIVE 11RED/7WHITE 2INX1,82.62,119.799
5.00,TM515-10-73A,HINGE 3-HOLE,9.78,14.181
5.00,TM515-10-78-1,HINGE 4-HOLE ALUM 9.09X2.88IN .25 BC,10.2,14.79
5.00,TM515-12-13,HINGE PIN,1.94,2.813
1.00,TM7511-A-1-05,CORNER CASTING ALUM,42.98,62.321
1.00,TG32151-15X98PP,PANEL INTERMEDIATE 15 X 98 TG W/RO,52.68,76.386
1.00,WTG34151-15X98-P,PANEL BOTTOM 15 X 98 W/HDW TG W/R,78.31,113.5495
1.00,PW TG59174,COUNTERBALANCE ASSY T-STYLE .243,138.53,200.8685
12.00,TG61174,ROLLER 1IN STL,0.63,0.9135
1.00,TG61191,DOOR BOTTOM ANGLE 96IN,8.53,12.3685
4.00,TG69035,END HINGE,1.37,1.9865
1.00,TG69431,TOP FIXTURE SLIDE ADJUSTABLE,1.21,1.7545
1.00,TG69432,TOP FIXTURE BASE ADJUSTABLE,3.35,4.8575
5.00,TG80020,WASHER SPACER,0.2,0.29
1.00,TG80840-1X96,DOOR SEAL BOTTOM RUBBER 96IN WE,7.71,11.1795
20.00,TRA34017,SUPPORT SPRING 25IN LONG 1-1/16 OD,4.9,7.105
5.00,TRA34020,HOSE SPACER CLAMP 2-HOL 3/8 X 3/8,0.28,0.406
12.00,TRA34021,HOSE SPACER CLAMP 2-HOLE 1/2 X 1/2,0.36,0.522
30.00,TRA34118,BEAM FLANGE FASTENER,0.49,0.7105
1.00,TRA38502,REPLACEMENT RECEPTACLE ONLY SPL,8.35,12.1075
1.00,TRA51301,VALVE TRLR EMERG ASSMBLY,36.15,52.4175
5.00,TRE640,TREMPRO ROOF POLYURETHANE COAT,57.1,82.795
1.00,UT3-1103-077,WING PLATE LEG MOUNT BRACKET RS,132.74,192.473
1.00,UT3-1103-078,WING PLATE LEG MOUNT BRACKET CS,132.74,192.473
1.00,UT3-1103-123,WING PLATE LEG DOUBLER BRACKET R,28.96,41.992
1.00,UT3-1103-124,WING PLATE LEG DOUBLER BRACKET C,28.96,41.992
5.00,UT3-4100-022,HINGE ALUM 3-HOLE 3IN WIDE,7.58,10.991
1.00,VAN03-207-V,CRANK HANDLE VERT,6.13,8.8885
2.00,VAN03-211-H,CRANK HANDLE 11IN HORIZONTAL,5.8,8.41
2.00,VAN03-211-V,CRANK HANDLE 11IN VERTICAL,6.33,9.1785
1.00,VAN03-215-H,CRANK HANDLE 15IN HORIZONTAL,8.65,12.5425
1.00,VAN04-10-56-72,BRACE ADJUSTABLE STD DUTY 56-72IN,14.46,20.967
4.00,VAN04-15-26-41,BRACE MEDIUM DUTY ADJ 26-41,11.11,16.1095
3.00,VAN04-652-69,CROSS SHAFT TURNING SHAFT 69IN,15.49,22.4605
2.00,VAN05-301,SAND SHOE 12X10 - STD PROFILE,42.14,61.103
4.00,VAN05-310,SAND SHOE 10X10 LOW PROFILE SINGL,11.89,17.2405
8.00,VAN06-431,SAND SHOE AXLE SOLID 8-1/16IN KIT,12.27,17.7915
20.00,VAN70-10,CROSSMEMBER CLIP,1.27,1.8415
1.00,VANGT-5371,POGO STICK 40IN CHROME,30.09,43.6305
1.00,VANPS-1LID,REPLACEMENT LENS SEAL KIT,3.75,5.4375
1.00,TG42151.25-15.5X,PANEL INTERMEDIATE 1/4 X 15.5 X 95.87,91.55,132.7475
1.00,95.875TG42151.25-15X95,PANEL INTERMEDIATE 1/4 X 15 X 95.875,91.55,132.7475
1.00,.875TG45151.25-1-15X,PANEL BOTTOM 1/4 X 15 X 95.875 COMP,181.5,263.175
1.00,95.875TG45151.25-15.5X,PANEL BOTTOM 1/4 X 15.5X95.875 COMP,202.05,292.9725
1.00,95.875TG70001-.5,PANEL DOOR SEAL .50 TOP DUAL DURO,10.85,15.7325
1.00,TG911534,DOOR CABLE 115 SS 1/4 METAL EYE PAI,7.95,11.5275
2.00,VLV229860,VALVE QUICK RELEASE QR1,4.97,7.2065
12.00,BSH00002,HINGE PIN BUSHING .50 IN 3 IN HINGE,0.7,1.015
2.00,WB04300004,RUB RAIL END CASTING FOR E076,4.79,6.9455
2.00,WB06300008,HINGE BUTT WABASH STYLE P1156061,4.16,6.032
3.00,WB06300117,LAP LINK - PROPAR DCC7478-1,1.29,1.8705
1.00,WB06301964,HOLDBACK POST EBERHARD STYLE 66,3.27,4.7415
14.00,WBE0821200,J-MOLDING 10 FT,5.75,8.3375
1.00,EKU2043-5,HUB TP W/ABS RING LONG STUD HUB P,133.31,193.2995
40.00,WHI10-1003-11,STEP BOLT 1/4 X 20 X 1-1/2,0.49,0.7105
1.00,TG10-1004-1,PIN CLEVIS 5/16IN X 1IN ZN,0.35,0.5075
100.00,WHI10-1022-1,KEP NUT 1/4 - 20 SELF LOCKING,0.26,0.377
1.00,TG911045,DOOR CABLE 110 GALV 5/16 METAL EYE,5.19,7.5255
1.00,TG911535,DOOR CABLE 115 SS 5/16 METAL EYE P,7.72,11.194
1.00,TG912535,DOOR CABLE 125 SS 5/16 METAL EYE P,8.39,12.1655
1.00,TG11-4,DOOR TRACK HORIZ 2IN TRACK 10IN RA,57.81,83.8245
4.00,TG1209A,ROLLER HINGE COMPLETE,2.23,3.2335
4.00,TG15,CENTER HINGE,1.41,2.0445
1.00,WHI2235-7/96,PANEL BOTTOM 14.5 X 96 COLDSAVER,397.53,576.4185
1.00,TG2376-2,OPERATOR BALANCER 2-SPRING ASSY,163.74,237.423
1.00,TG2376-2-96,OPERATOR BALANCER 2-SPRING ASSY,163.74,237.423
20.00,TG2996,ROLLER 2IN STL,1,1.45
6.00,TG2996-6,ROLLER 2IN W/6IN SHAFT,2.68,3.886
1.00,TG32111-1-11X98P,PANEL INTERMEDIATE 11 X 98 TG NO R,52.68,76.386
1.00,PWTG32111-1-12X98P,PANEL INTERMEDIATE 12 X 98 TG NO R,52.69,76.4005
1.00,PWTG32151-1-15.5X9,PANEL INTERMEDIATE 15.5 X 98 TG NO,52.69,76.4005
1.00,8PPWTG32151-1-15X98P,PANEL INTERMEDIATE 15 X 98 TG NO R,52.69,76.4005
1.00,PWTG34151-1-15.5X9,PANEL BOTTOM 15.5 X 98 W/HDW TG NO,100.09,145.1305
1.00,8TG34151-1-15X98.,PANEL BOTTOM 15 X 98.25 W/HDW TG N,100.08,145.116